<?xml version="1.0" encoding="UTF-8"?>
<schemalist>

<schema id="io.elementary.switchboard.security-privacy" path="/io/elementary/switchboard/security-privacy/">
    <key name="disabled-firewall-rules" type="a(ssssiiii)">
        <default>[]</default>
        <summary>Firewall rules that have been disabled, but should still be listed in the plug</summary>
        <description>An array of rules, each containing action, protocol, direction and (bool v6) in that order.</description>
    </key>
</schema>

</schemalist>
