<?xml version="1.0" encoding="UTF-8"?>
<schemalist>
    <schema path="/io/elementary/desktop/capnet-assist/" id="io.elementary.desktop.capnet-assist">
        <key type="i" name="window-width">
          <default>1000</default>
          <summary>Window width</summary>
          <description>Window width</description>
        </key>
        <key type="i" name="window-height">
          <default>680</default>
          <summary>Window height</summary>
          <description>Window height</description>
        </key>
        <key type="b" name="is-maximized">
          <default>false</default>
          <summary>Whether the window is maximized</summary>
        </key>
        <key name="enabled" type="b">
            <default>true</default>
            <summary>Whether the assistant should be enabled</summary>
        </key>
    </schema>
</schemalist>
