<?xml version="1.0" encoding="UTF-8"?>
<schemalist>
  <enum id="viewmode">
    <value value="0" nick="icon"/>
    <value value="1" nick="list"/>
    <value value="2" nick="miller_columns"/>
  </enum>
  <enum id="io.elementary.files.ZoomLevel">
    <value value="0" nick="smallest"/>
    <value value="1" nick="smaller"/>
    <value value="2" nick="small"/>
    <value value="3" nick="normal"/>
    <value value="4" nick="large"/>
    <value value="5" nick="larger"/>
    <value value="6" nick="huge"/>
    <value value="7" nick="huger"/>
    <value value="8" nick="largest"/>
  </enum>
  <enum id="dateformatmode">
    <value value="0" nick="iso"/>
    <value value="1" nick="locale"/>
    <value value="2" nick="informal"/>
  </enum>
  <enum id="windowstate">
    <value value="0" nick="normal"/>
    <value value="1" nick="tiled-start"/>
    <value value="2" nick="tiled-end"/>
    <value value="3" nick="maximized"/>
  </enum>

  <schema path="/io/elementary/files/preferences/" id="io.elementary.files.preferences">
    <key type="b" name="show-remote-thumbnails">
      <default>false</default>
      <summary>Thumbnail remote files</summary>
      <description>Show thumbnails for files on remote filesystems</description>
    </key>
    <key type="b" name="hide-local-thumbnails">
      <default>false</default>
      <summary>Do not thumbnail local files</summary>
      <description>Do not thumbnail files on the local filesystem</description>
    </key>
    <key type="b" name="show-sidebar">
      <default>true</default>
      <summary>Show the sidebar</summary>
      <description>Show the sidebar</description>
    </key>
    <key type="b" name="show-hiddenfiles">
      <default>false</default>
      <summary>Show hidden files</summary>
      <description>If set to true, hidden files will also be shown (files starting with a "." for example)</description>
    </key>
    <key name="date-format" enum="dateformatmode">
      <default>'informal'</default>
      <summary>Date Format</summary>
      <description>The format of file dates. Possible values are "locale", "iso", and "informal".</description>
    </key>
    <key type="b" name="single-click">
      <default>true</default>
      <summary>single click</summary>
      <description>Whether items are activated by single clicks instead of dubble clicks</description>
    </key>
    <key name="default-viewmode" enum="viewmode">
      <default>'icon'</default>
      <summary>Default viewmode when browsing</summary>
      <description>
        The default viewmode to be used when opening a new tab or window
      </description>
    </key>
    <key type="b" name="sidebar-cat-personal-expander">
      <default>true</default>
      <summary>Categorie personal expander</summary>
      <description>Expand/Collapse categorie Personal</description>
    </key>
    <key type="b" name="sidebar-cat-devices-expander">
      <default>true</default>
      <summary>Categorie Devices expander</summary>
      <description>Expand/Collapse categorie Devices</description>
    </key>
    <key type="b" name="sidebar-cat-network-expander">
      <default>true</default>
      <summary>Categorie Network expander</summary>
      <description>Expand/Collapse categorie Network</description>
    </key>
    <key name="window-position" type="(ii)">
      <default>(-1, -1)</default>
      <summary>Window position</summary>
      <description>Most recent window position (x, y)</description>
    </key>
    <key name="window-size" type="(ii)">
      <default>(1000, 680)</default>
      <summary>Most recent window size</summary>
      <description>Most recent window size (width, height)</description>
    </key>
    <key name="window-state" enum="windowstate">
      <default>'normal'</default>
      <summary>Window state</summary>
      <description>State of last closed window (Normal, tiled left, tiled right or maximized).</description>
    </key>
    <key type="i" name="sidebar-width">
      <default>191</default>
      <summary>Width of the side pane</summary>
      <description>The default width of the side pane in new windows.</description>
    </key>
    <key type="i" name="minimum-sidebar-width">
      <default>96</default>
      <summary>Minimum width of the side pane</summary>
      <description>The minimum width of the side pane.</description>
    </key>
    <key type="b" name="restore-tabs">
      <default>true</default>
      <summary>Whether to restore tabs on start up</summary>
      <description>Whether to restore tabs on start up</description>
    </key>
    <key type="i" name="active-tab-position">
      <default>0</default>
      <summary>Which tab to make active on start up</summary>
      <description>Which tab to make active on start up</description>
    </key>
    <key type="a(uss)" name="tab-info-list">
      <summary>Details of open tabs</summary>
      <default>[(0,'','')]</default>
      <description>Array of tab info:  View mode, root uri, tip uri (for Miller view)</description>
    </key>
  </schema>

  <schema path="/io/elementary/files/icon-view/" id="io.elementary.files.icon-view">
    <key name="default-zoom-level" enum="io.elementary.files.ZoomLevel">
      <default>'large'</default>
      <summary>Icon default zoom level</summary>
      <description>Default Zoom level used by the icon view.</description>
    </key>
    <key name="zoom-level" enum="io.elementary.files.ZoomLevel">
      <default>'large'</default>
      <summary>Icon zoom level</summary>
      <description>Zoom level used by the Icon View.</description>
    </key>
    <key name="minimum-zoom-level" enum="io.elementary.files.ZoomLevel">
      <default>'normal'</default>
      <summary>Minimum icon zoom level</summary>
      <description>The minimum zoom level used by the Icon View.</description>
    </key>
    <key name="maximum-zoom-level" enum="io.elementary.files.ZoomLevel">
      <default>'largest'</default>
      <summary>Maximum icon zoom level</summary>
      <description>The maximum zoom level used by the Icon View.</description>
    </key>
  </schema>

  <schema path="/io/elementary/files/list-view/" id="io.elementary.files.list-view">
    <key name="default-zoom-level" enum="io.elementary.files.ZoomLevel">
      <default>'small'</default>
      <summary>icon default zoom level</summary>
      <description>Default Zoom level used by the List View.</description>
    </key>
    <key name="zoom-level" enum="io.elementary.files.ZoomLevel">
      <default>'small'</default>
      <summary>icon zoom level</summary>
      <description>Zoom level used by the List View.</description>
    </key>
    <key name="minimum-zoom-level" enum="io.elementary.files.ZoomLevel">
      <default>'smaller'</default>
      <summary>Minimum icon zoom level</summary>
      <description>The minimum zoom level used by the List View.</description>
    </key>
    <key name="maximum-zoom-level" enum="io.elementary.files.ZoomLevel">
      <default>'large'</default>
      <summary>Maximum icon zoom level</summary>
      <description>The maximum zoom level used by the List View.</description>
    </key>
  </schema>

  <schema path="/io/elementary/files/column-view/" id="io.elementary.files.column-view">
    <key name="default-zoom-level" enum="io.elementary.files.ZoomLevel">
      <default>'small'</default>
      <summary>icon default zoom level</summary>
      <description>Default Zoom level used by the  Miller Column View.</description>
    </key>
    <key name="zoom-level" enum="io.elementary.files.ZoomLevel">
      <default>'small'</default>
      <summary>icon zoom level</summary>
      <description>Zoom level used by the  Miller Column View.</description>
    </key>
    <key name="minimum-zoom-level" enum="io.elementary.files.ZoomLevel">
      <default>'smallest'</default>
      <summary>Minimum icon zoom level</summary>
      <description>The minimum zoom level used by the  Miller Column View.</description>
    </key>
    <key name="maximum-zoom-level" enum="io.elementary.files.ZoomLevel">
      <default>'normal'</default>
      <summary>Maximum icon zoom level</summary>
      <description>The maximum zoom level used by the Miller Column View.</description>
    </key>
    <key type="i" name="preferred-column-width">
      <default>180</default>
      <summary>prefered column width</summary>
      <description>The column width preferred by the  Miller Column View.</description>
    </key>
  </schema>
  <schema path="/io/elementary/files/file-chooser/" id="io.elementary.files.file-chooser">
    <key type ="s" name="last-folder-uri">
      <default>''</default>
      <summary>Last folder uri</summary>
      <description>Uri of the last folder shown by the filechooser</description>
    </key>
  </schema>

</schemalist>
