<?xml version="1.0" encoding="UTF-8"?>
<schemalist>
  <enum id="pantheon-terminal-window-states">
    <value nick="Normal" value="0" />
    <value nick="Maximized" value="1" />
    <value nick="Fullscreen" value="2" />
  </enum>
  <enum id="terminal-cursor-shapes">
    <value nick="Block" value="0" />
    <value nick="I-Beam" value="1" />
    <value nick="Underline" value="2" />
  </enum>
  <enum id="dynamic-notebook-tab-bar-behavior">
    <value value="0" nick="Always Show Tabs"/>
    <value value="1" nick="Hide When Single Tab"/>
    <value value="2" nick="Never Show Tabs"/>
  </enum>

  <schema path="/io/elementary/terminal/saved-state/" id="io.elementary.terminal.saved-state">
    <key name="window-position" type="(ii)">
      <default>(-1, -1)</default>
      <summary>Window position</summary>
      <description>Most recent window position (x, y)</description>
    </key>
    <key name="window-size" type="(ii)">
      <default>(-1, -1)</default>
      <summary>Most recent window size</summary>
      <description>Most recent window size (width, height)</description>
    </key>
    <key name="window-state" enum="pantheon-terminal-window-states">
      <default>"Normal"</default>
      <summary>The saved state of the window.</summary>
      <description>The saved state of the window.</description>
    </key>
    <key name="tabs" type="as">
      <default>[]</default>
      <summary>List of tabs from the last active window.</summary>
      <description>List of tabs from the last active window.</description>
    </key>
    <key name="focused-tab" type="i">
        <default>-1</default>
        <summary>The index of the tab that is focused.</summary>
        <description>The index of the tab from the saved tabs that is currently focused.</description>
    </key>
    <key name="zoom" type="d">
      <default>1.0</default>
      <summary>Most recent zoom level of terminal</summary>
      <description>Most recent zoom level of terminal</description>
    </key>
  </schema>

  <schema path="/io/elementary/terminal/settings/" id="io.elementary.terminal.settings">
    <key name="scrollback-lines" type="i">
      <default>-1</default>
      <summary>Number of scrollback lines</summary>
      <description>The number of scrollback lines of the terminal.</description>
    </key>
    <key name="follow-last-tab" type="b">
      <default>false</default>
      <summary>Open last active tab path on new tab.</summary>
      <description>Defines whether a new tab should have the path of the last active tab.</description>
    </key>
    <key name="remember-tabs" type="b">
      <default>true</default>
      <summary>Whether open tabs should be remembered on closing (subject to privacy setting).</summary>
      <description>
          Defines whether the terminal should remember the last open tabs and restore
          them when the terminal is reopened. If the global privacy setting is on, the tabs
          will not be restored or remembered even if this setting is true.
      </description>
    </key>
    <key name="alt-changes-tab" type="b">
      <default>true</default>
      <summary>Defines whether Alt+N goes to nth tab.</summary>
      <description>Defines whether Alt+N goes to nth tab.</description>
    </key>
    <key name="audible-bell" type="b">
      <default>false</default>
      <summary>Whether or not to use an audible bell event alert</summary>
      <description>Used when hitting the end of a line like in GTK entries, but also for tab-completion when there are either no or multiple possible completions.</description>
    </key>
    <key name="natural-copy-paste" type="b">
      <default>true</default>
      <summary>Defined whether to use ctrl-c or ctrl-shift-c for copy</summary>
      <description>Enables or disables natural copy paste.</description>
    </key>
    <key name="prefer-dark-style" type="b">
      <default>true</default>
      <summary>Defined whether to use dark stylesheet from Gtk</summary>
      <description>Switches between dark and light style</description>
    </key>

    <key name="foreground" type="s">
      <default>"#a5a5a5"</default>
      <summary>Color of the text.</summary>
      <description>
          The color of the text of the terminal.

          The string can be either one of:
            - A hexadecimal value in the form “#rgb”, “#rrggbb”, “#rrrgggbbb” or ”#rrrrggggbbbb”
            - A RGB color in the form “rgb(r,g,b)” (In this case the color will have full opacity)
            - A RGBA color in the form “rgba(r,g,b,a)”
      </description>
    </key>
    <key name="background" type="s">
      <default>"rgba(46, 46, 46, 0.95)"</default>
      <summary>Color of the background.</summary>
      <description>
          The color of the background of the terminal.

          The string can be either one of:
            - A hexadecimal value in the form “#rgb”, “#rrggbb”, “#rrrgggbbb” or ”#rrrrggggbbbb”
            - A RGB color in the form “rgb(r,g,b)” (In this case the color will have full opacity)
            - A RGBA color in the form “rgba(r,g,b,a)”
      </description>
    </key>
    <key name="cursor-color" type="s">
      <default>"#839496"</default>
      <summary>Color of the cursor.</summary>
      <description>
          The color of the cursor of the terminal.

          The string can be either one of:
            - A hexadecimal value in the form “#rgb”, “#rrggbb”, “#rrrgggbbb” or ”#rrrrggggbbbb”
            - A RGB color in the form “rgb(r,g,b)” (In this case the color will have full opacity)
            - A RGBA color in the form “rgba(r,g,b,a)”
      </description>
    </key>
    <key name="cursor-shape" enum="terminal-cursor-shapes">
      <default>"Block"</default>
      <summary>Shape of the cursor.</summary>
      <description>The shape of the cursor of the terminal.</description>
    </key>
    <key name="palette" type="s">
      <default>"#073642:#dc322f:#859900:#b58900:#268bd2:#ec0048:#2aa198:#94a3a5:#586e75:#cb4b16:#859900:#b58900:#268bd2:#d33682:#2aa198:#6c71c4"</default>
      <summary>Palette of the terminal.</summary>
      <description>Defines the colors of various things in the terminal.</description>
    </key>

    <key name="shell" type="s">
      <default>""</default>
      <summary>Terminal shell.</summary>
      <description>Defines the shell to be used by the terminal.</description>
    </key>

    <key name="encoding" type="s">
      <default>""</default>
      <summary>Terminal encoding.</summary>
      <description>Defines the encoding to be used by the terminal.</description>
    </key>
    <key name="font" type="s">
      <default>""</default>
      <summary>The default font of the terminal.</summary>
      <description>The default font of the terminal. use [Font Name] [Property] [Size]. eg. Droid Sans Mono 12.</description>
    </key>
    <key name="allow-bold" type="b">
      <default>true</default>
      <summary>Whether to allow bold fonts.</summary>
      <description>Defines whether fonts can be bold or not.</description>
    </key>
    <key name="tab-bar-behavior" enum="dynamic-notebook-tab-bar-behavior">
      <default>'Always Show Tabs'</default>
      <summary>Tab Behavior</summary>
      <description>Whether to always show tabs, hide tabs when there is only one tab and never show tabs.</description>
    </key>
    <key name="save-exited-tabs" type="b">
      <default>true</default>
      <summary>Make tabs restorable</summary>
      <description>When a tab is closed, keep it in memory to restore it later or not</description>
    </key>
    <key name="unsafe-paste-alert" type="b">
      <default>true</default>
      <summary>Alert the user about unsafe paste.</summary>
      <description>If the user paste's a command into the terminal that might be considered unsafe, warn them.</description>
    </key>
  </schema>
</schemalist>
