<?xml version="1.0" encoding="UTF-8"?>
<schemalist>
  <schema path="/io/elementary/dpms/"
  id="io.elementary.dpms">
    <key name="standby-time" type="i">
      <default>900</default>
      <range min="0" max="7200" />
      <summary>Timeout to lock the screen.</summary>
      <description>Seconds of inactivity until the screen is locked. 0 disables this.</description>
    </key>
    <key name="suspend-time" type="i">
      <default>0</default>
      <range min="0" max="7200" />
      <summary>Timeout to lock the screen.</summary>
      <description>Seconds of inactivity until the screen is locked. 0 disables this.</description>
    </key>
    <key name="off-time" type="i">
      <default>0</default>
      <range min="0" max="7200" />
      <summary>Timeout to lock the screen.</summary>
      <description>Seconds of inactivity until the screen is locked. 0 disables this.</description>
    </key>
  </schema>
</schemalist>
