<?xml version="1.0" encoding="UTF-8"?>
<schemalist>
  <schema path="/io/elementary/appcenter/settings/" id="io.elementary.appcenter.settings">
    <key name="window-maximized" type="b">
      <default>false</default>
      <summary>Whether the window was maximized on last run</summary>
      <description>Whether the window was maximized on last run</description>
    </key>
    <key name="window-position" type="(ii)">
      <default>(-1, -1)</default>
      <summary>Window position</summary>
      <description>Most recent window position (x, y)</description>
    </key>
    <key name="window-size" type="(ii)">
      <default>(1100, 660)</default>
      <summary>Most recent window size</summary>
      <description>Most recent window size (width, height)</description>
    </key>
    <key type="b" name="developer-mode">
      <default>false</default>
      <summary>The user is a developer</summary>
      <description>Mode that allows the user to see more packages with development purposes</description>
    </key>
    <key type="as" name="paid-apps">
      <default>[]</default>
      <summary>List of paid-for applications</summary>
      <description>A list of appstream IDs which have been paid for</description>
    </key>
    <key type="b" name="content-warning">
      <default>true</default>
      <summary>Display content warning for explicit apps</summary>
      <description>Whether to display a warning dialog when attempting to install apps that are explicit according to their OARS data</description>
    </key>
    <key type="b" name="non-curated-warning">
      <default>true</default>
      <summary>Display warning for non-curated apps</summary>
      <description>Whether to display a warning dialog when attempting to install apps are not from a curated source</description>
    </key>
  </schema>
</schemalist>
