<schemalist>

<schema id="org.pantheon.mail" path="/org/pantheon/mail/">
    
    <key name="window-maximize" type="b">
        <default>false</default>
        <summary>maximize window</summary>
        <description>True if library application is maximized, false otherwise.</description>
    </key>
    
    <key name="window-width" type="i">
        <default>1024</default>
        <summary>width of window</summary>
        <description>The last recorded width of the application window.</description>
    </key>
    
    <key name="window-height" type="i">
        <default>768</default>
        <summary>height of window</summary>
        <description>The last recorded height of the application window.</description>
    </key>
    
    <key name="folder-list-pane-position" type="i">
        <default>150</default>
        <summary>position of folder list pane</summary>
        <description>Position of the folder list Paned grabber.</description>
    </key>
    
    <key name="folder-list-pane-position-horizontal" type="i">
        <default>-1</default>
        <summary>position of folder list pane when horizontal</summary>
        <description>Position of the folder list Paned grabber in the horizontal orientation.</description>
    </key>
    
    <key name="folder-list-pane-position-vertical" type="i">
        <default>200</default>
        <summary>position of folder list pane when vertical</summary>
        <description>Position of the folder list Paned grabber in the vertical orientation.</description>
    </key>
    
    <key name="folder-list-pane-horizontal" type="b">
        <default>true</default>
        <summary>orientation of the folder list pane</summary>
        <description>True if the folder list Paned is in the horizontal orientation.</description>
    </key>

    <key name="show-images" type="b">
        <default>true</default>
        <summary>show remote images in all messages</summary>
        <description>True if remote images are always shown in messages.</description>
    </key>
    
    <key name="messages-pane-position" type="i">
        <default>250</default>
        <summary>position of message list pane</summary>
        <description>Position of the message list Paned grabber.</description>
    </key>
    
    <key name="composer-pane-position" type="i">
        <default>400</default>
        <summary>position of the composer pane</summary>
        <description>Position of the composer Paned grabber, when open.</description>
    </key>
    
    <key name="autoselect" type="b">
        <default>true</default>
        <summary>autoselect next message</summary>
        <description>True if we should autoselect the next available conversation.</description>
    </key>
    
    <key name="display-preview" type="b">
        <default>true</default>
        <summary>display message previews</summary>
        <description>True if we should display a short preview of each message.</description>
    </key>

    <key name="startup-notifications" type="b">
        <default>true</default>
        <summary>notify of new mail at startup</summary>
        <description>True to notify of new mail at startup.</description>
    </key>
    <key name="ask-open-attachment" type="b">
        <default>true</default>
        <summary>ask when opening an attachment</summary>
        <description>True to ask when opening an attachment.</description>
    </key>
    <key name="compose-as-html" type="b">
        <default>true</default>
        <summary>whether to compose emails in HTML</summary>
        <description>True to compose emails in HTML; false for plain text.</description>
    </key>
    
    <key name="search-strategy" type="s">
        <default>"conservative"</default>
        <summary>Advisory strategy for full-text searching</summary>
        <description>Acceptable values are EXACT, CONSERVATIVE, AGGRESSIVE, and HORIZON.</description>
    </key>

    <key name="first-run" type="b">
       <default>true</default>
        <summary>Whether this is the first run of the app</summary>
        <description>i.e. to prevent mail auto-loading on the first run.</description>
    </key>

</schema>

</schemalist>
