<?xml version="1.0"?>
<schemalist>
  <schema gettext-domain="libgnomekbd" id="org.gnome.libgnomekbd.keyboard" path="/org/gnome/libgnomekbd/keyboard/">
    <key name="model" type="s">
      <default>''</default>
      <summary>Keyboard model</summary>
      <description>keyboard model</description>
    </key>
    <key name="layouts" type="as">
      <default>[]</default>
      <summary>Keyboard layout</summary>
      <description>keyboard layout</description>
    </key>
    <key name="options" type="as">
      <default>[]</default>
      <summary>Keyboard options</summary>
      <description>Keyboard options</description>
    </key>
  </schema>
</schemalist>
