
<!-- Generated data (by glib-mkenums) -->

<schemalist>
  <enum id='org.gnome.mousetweaks.MtDwellClickType'>
    <value nick='right' value='0'/>
    <value nick='drag' value='1'/>
    <value nick='double' value='2'/>
    <value nick='single' value='3'/>
    <value nick='middle' value='4'/>
  </enum>
  <enum id='org.gnome.mousetweaks.MtClickTypeWindowStyle'>
    <value nick='text' value='0'/>
    <value nick='icon' value='1'/>
    <value nick='both' value='2'/>
  </enum>
  <enum id='org.gnome.mousetweaks.MtClickTypeWindowOrientation'>
    <value nick='horizontal' value='0'/>
    <value nick='vertical' value='1'/>
  </enum>
</schemalist>

<!-- Generated data ends here -->

