<?xml version="1.0" encoding="UTF-8"?>
<schemalist>

  <enum id="org.gnome.Evince.SizingMode">
    <value value="0" nick="fit-page"/>
    <value value="1" nick="fit-width"/>
    <value value="2" nick="free"/>
  </enum>

  <schema path="/org/gnome/evince/" id="org.gnome.Evince" gettext-domain="evince">
    <key type="b" name="override-restrictions">
      <default>true</default>
      <summary>Override document restrictions</summary>
      <description>Override document restrictions, like restriction to copy or to print.</description>
    </key>
    <key type="b" name="auto-reload">
      <default>true</default>
      <summary>Automatically reload the document</summary>
      <description>The document is automatically reloaded on file change.</description>
    </key>
    <key type="ms" name="document-directory">
      <default>nothing</default>
      <summary>The URI of the directory last used to open or save a document</summary>
    </key>
    <key type="ms" name="pictures-directory">
      <default>nothing</default>
      <summary>The URI of the directory last used to save a picture</summary>
    </key>
    <key type="u" name="page-cache-size">
      <default>50</default>
      <summary>Page cache size in MiB</summary>
      <description>The maximum size that will be used to cache rendered pages, limits maximum zoom level.</description>
    </key>
    <key type="b" name="show-caret-navigation-message">
      <default>true</default>
      <summary>Show a dialog to confirm that the user wants to activate the caret navigation.</summary>
    </key>
    <key type="b" name="allow-links-change-zoom">
      <default>true</default>
      <summary>Allow links to change the zoom level.</summary>
    </key>
    <child schema="org.gnome.Evince.Default" name="default"/>
  </schema>

  <schema path="/org/gnome/evince/default/" id="org.gnome.Evince.Default" gettext-domain="evince">
    <key type="b" name="show-toolbar">
      <default>true</default>
    </key>
    <key type="b" name="show-sidebar">
      <default>true</default>
    </key>
    <key type="(dd)" name="window-ratio">
      <default>(0., 0.)</default>
    </key>
    <key name="sizing-mode" enum="org.gnome.Evince.SizingMode">
      <default>'fit-width'</default>
    </key>
    <key type="d" name="zoom">
      <default>1.</default>
    </key>
    <key type="b" name="inverted-colors">
      <default>false</default>
    </key>
    <key type="b" name="continuous">
      <default>true</default>
    </key>
    <key type="b" name="dual-page">
      <default>false</default>
    </key>
    <key type="b" name="dual-page-odd-left">
      <default>false</default>
    </key>
    <key type="b" name="fullscreen">
      <default>false</default>
    </key>
    <key type="s" name="sidebar-page">
      <default>'links'</default>
    </key>
    <key type="i" name="sidebar-size">
      <default>132</default>
    </key>
  </schema>

</schemalist>