
<!-- This file is generated by glib-mkenums, do not modify it. This code is licensed under the same license as the containing project. Note that it links to GLib, so must comply with the LGPL linking clauses. -->

<schemalist>
  <enum id="org.gnome.settings-daemon.GsdFontAntialiasingMode">
    <value nick="none" value="0"/>
    <value nick="grayscale" value="1"/>
    <value nick="rgba" value="2"/>
  </enum>
  <enum id="org.gnome.settings-daemon.GsdFontHinting">
    <value nick="none" value="0"/>
    <value nick="slight" value="1"/>
    <value nick="medium" value="2"/>
    <value nick="full" value="3"/>
  </enum>
  <enum id="org.gnome.settings-daemon.GsdFontRgbaOrder">
    <value nick="rgba" value="0"/>
    <value nick="rgb" value="1"/>
    <value nick="bgr" value="2"/>
    <value nick="vrgb" value="3"/>
    <value nick="vbgr" value="4"/>
  </enum>
  <enum id="org.gnome.settings-daemon.GsdSmartcardRemovalAction">
    <value nick="none" value="0"/>
    <value nick="lock-screen" value="1"/>
    <value nick="force-logout" value="2"/>
  </enum>
  <enum id="org.gnome.settings-daemon.GsdTouchpadScrollMethod">
    <value nick="disabled" value="0"/>
    <value nick="edge-scrolling" value="1"/>
    <value nick="two-finger-scrolling" value="2"/>
  </enum>
  <enum id="org.gnome.settings-daemon.GsdBellMode">
    <value nick="on" value="0"/>
    <value nick="off" value="1"/>
    <value nick="custom" value="2"/>
  </enum>
  <enum id="org.gnome.settings-daemon.GsdTouchpadHandedness">
    <value nick="right" value="0"/>
    <value nick="left" value="1"/>
    <value nick="mouse" value="2"/>
  </enum>
  <enum id="org.gnome.settings-daemon.GsdXrandrBootBehaviour">
    <value nick="do-nothing" value="0"/>
    <value nick="clone" value="1"/>
    <value nick="dock" value="2"/>
    <value nick="follow-lid" value="3"/>
  </enum>
  <enum id="org.gnome.settings-daemon.GsdWacomRotation">
    <value nick="none" value="0"/>
    <value nick="cw" value="1"/>
    <value nick="ccw" value="2"/>
    <value nick="half" value="3"/>
  </enum>
  <enum id="org.gnome.settings-daemon.GsdWacomActionType">
    <value nick="none" value="0"/>
    <value nick="custom" value="1"/>
    <value nick="switch-monitor" value="2"/>
    <value nick="help" value="3"/>
  </enum>
  <enum id="org.gnome.settings-daemon.GsdPowerActionType">
    <value nick="blank" value="0"/>
    <value nick="suspend" value="1"/>
    <value nick="shutdown" value="2"/>
    <value nick="hibernate" value="3"/>
    <value nick="interactive" value="4"/>
    <value nick="nothing" value="5"/>
    <value nick="logout" value="6"/>
  </enum>
  <enum id="org.gnome.settings-daemon.GsdPowerButtonActionType">
    <value nick="nothing" value="0"/>
    <value nick="suspend" value="1"/>
    <value nick="hibernate" value="2"/>
    <value nick="interactive" value="3"/>
  </enum>
  <enum id="org.gnome.settings-daemon.GsdUpdateType">
    <value nick="all" value="0"/>
    <value nick="security" value="1"/>
    <value nick="none" value="2"/>
  </enum>
  <enum id="org.gnome.settings-daemon.GsdNumLockState">
    <value nick="unknown" value="0"/>
    <value nick="on" value="1"/>
    <value nick="off" value="2"/>
  </enum>
</schemalist>

<!-- Generated data ends here -->

