<?xml version="1.0" encoding="UTF-8"?>
<schemalist>
  <schema gettext-domain="gnome-settings-daemon" id="org.gnome.settings-daemon.plugins.orientation" path="/org/gnome/settings-daemon/plugins/orientation/">
   <key name="priority" type="i">
      <default>0</default>
      <summary>Priority to use for this plugin</summary>
      <description>Priority to use for this plugin in unity-settings-daemon startup queue</description>
    </key>
    <key name="active" type="b">
      <default>true</default>
      <summary>Activation of this plugin</summary>
      <description>Whether this plugin would be activated by unity-settings-daemon or not</description>
    </key>
  </schema>
</schemalist>
