<?xml version="1.0" encoding="UTF-8"?>
<schemalist gettext-domain="orca">
  <schema id="org.gnome.orca" gettext-domain="orca">
    <key type="as" name="profiles">
      <default>['default']</default>
      <summary>The list of the available configuration profiles.</summary>
    </key>
    <key type="as" name="apps">
      <default>[]</default>
      <summary>The list of applications where the user desires a different Orca configuration.</summary>
    </key>
    <key type="as" name="keybindings">
      <default>[]</default>
      <summary>The list of customized keybindings.</summary>
    </key>
    <key type="as" name="pronunciations">
      <default>[]</default>
      <summary>The list of custom pronunciations.</summary>
    </key>
    <key type="as" name="active-profile">
      <default>['Default','default']</default>
      <summary>The currently active configuration profile.</summary>
    </key>
    <key type="as" name="starting-profile">
      <default>['Default','default']</default>
      <summary>The configuration profile used when Orca is launched.</summary>
    </key>
    <key type="b" name="first-start">
      <default>true</default>
      <summary>Whether Orca is being started for the first time.</summary>
    </key>
  </schema>

  <schema id="org.gnome.orca.general" gettext-domain="orca">
    <key type="s" name="present-date-format">
      <default>"%x"</default>
      <summary>The preferred date format to present to the user.</summary>
    </key>
    <key type="s" name="present-time-format">
      <default>"%-x"</default>
      <summary>The preferred date format to present to the user.</summary>
    </key>
    <key type="b" name="enable-echo-by-character">
      <default>false</default>
      <summary>Whether every character should be spoken as it is typed in a text entry field.</summary>
    </key>
    <key type="b" name="enable-echo-by-word">
      <default>false</default>
      <summary>Whether every word should be spoken as it is typed in a text entry field.</summary>
    </key>
    <key type="b" name="enable-echo-by-sentence">
      <default>false</default>
      <summary>Whether every sentence should be spoken as it is typed in a text entry field.</summary>
    </key>
    <key type="b" name="enable-key-echo">
      <default>true</default>
      <summary>Whether key names should be spoken when pressed.</summary>
    </key>
    <key type="b" name="enable-alphabetic-keys">
      <default>true</default>
      <summary>Whether alphabetic key names should be spoken when pressed.</summary>
    </key>
    <key type="b" name="enable-numeric-keys">
      <default>true</default>
      <summary>Whether numeric key names should be spoken when pressed.</summary>
    </key>
    <key type="b" name="enable-punctuation-keys">
      <default>true</default>
      <summary>Whether punctuation key names should be spoken when pressed.</summary>
    </key>
    <key type="b" name="enable-space">
      <default>true</default>
      <summary>Whether the space key name should be spoken when pressed.</summary>
    </key>
    <key type="b" name="enable-modifier-keys">
      <default>true</default>
      <summary>Whether modifier key names should be spoken when pressed.</summary>
    </key>
    <key type="b" name="enable-function-keys">
      <default>true</default>
      <summary>Whether function key names should be spoken when pressed.</summary>
    </key>
    <key type="b" name="enable-action-keys">
      <default>true</default>
      <summary>Whether action key names should be spoken when pressed.</summary>
    </key>
    <key type="b" name="enable-navigation-keys">
      <default>false</default>
      <summary>Whether navigation key names should be spoken when pressed.</summary>
    </key>
    <key type="b" name="enable-diacritical-keys">
      <default>false</default>
      <summary>Whether diacritical key names should be spoken when pressed.</summary>
    </key>
    <key type="b" name="ignore-status-bar-progress-bars">
      <default>true</default>
    </key>
    <key type="b" name="enable-mouse-review">
      <default>false</default>
      <summary>Whether Orca should speak the object under the mouse cursor.</summary>
    </key>
    <key type="b" name="skip-blank-cells">
      <default>false</default>
      <summary>Whether Orca should skip blank cells in a table.</summary>
    </key>
    <key type="b" name="structural-navigation-enabled">
      <default>true</default>
      <summary>Whether structural navigation should be enabled.</summary>
    </key>
    <key type="b" name="wrapped-structural-navigation">
      <default>true</default>
    </key>
    <key type="b" name="chat-speak-room-name">
      <default>false</default>
      <summary>Whether Orca should speak the room name in a chat session.</summary>
    </key>
    <key type="b" name="chat-announce-buddy-typing">
      <default>false</default>
      <summary>Whether Orca should notify the user whether the other party is typing in a chat session.</summary>
    </key>
    <key type="b" name="chat-room-histories">
      <default>false</default>
    </key>
    <key type="b" name="spellcheck-spell-error">
      <default>true</default>
      <summary>Whether Orca should spell the incorrectly spelt word when spell checking.</summary>
    </key>
    <key type="b" name="spellcheck-spell-suggestion">
      <default>true</default>
      <summary>Whether Orca should spell the suggested correct word when spell checking.</summary>
    </key>
    <key type="b" name="spellcheck-present-context">
      <default>true</default>
      <summary>Whether Orca should present the context in which the incorrectly spelt word is located.</summary>
    </key>
    <key type="b" name="struct-nav-triggers-focus-mode">
      <default>false</default>
      <summary>Whether using structural navigation should trigger focus mode.</summary>
    </key>
    <key type="b" name="caret-nav-triggers-focus-mode">
      <default>false</default>
      <summary>Whether caret navigation should trigger focus mode.</summary>
    </key>
    <key type="b" name="layout-mode">
      <default>true</default>
    </key>
    <key type="b" name="rewind-and-fast-forward-in-say-all">
      <default>false</default>
      <summary>Whether rewind and fast forward are enabled in say all mode.</summary>
    </key>
    <key type="b" name="struct-nav-in-say-all">
      <default>false</default>
      <summary>Whether structural navigation is enabled in say all mode.</summary>
    </key>
    <key type="i" name="keyboard-layout">
      <default>1</default>
      <summary>Which keyboard layout to use, either desktop or laptop.</summary>
    </key>
    <key type="i" name="progress-bar-update-interval">
      <default>10</default>
      <summary>The time in seconds between progress bar updates.</summary>
    </key>
    <key type="i" name="progress-bar-verbosity">
      <default>1</default>
      <summary>Whether progress bar updates should be restricted to the current application, the current window, or all applications/windows.</summary>
    </key>
    <key type="i" name="mouse-dwell-delay">
      <default>0</default>
      <summary>The amount of time to wait before reviewing the current object under the mouse cursor.</summary>
    </key>
    <key type="i" name="large-object-text-length">
      <default>75</default>
    </key>
    <key type="i" name="chat-message-verbosity">
      <default>0</default>
      <summary>Whether Orca should speak all chat messages, all chat messages if the application is focused, or only the channel currently in focus.</summary>
    </key>
    <key type="i" name="find-results-verbosity">
      <default>2</default>
    </key>
    <key type="i" name="find-results-minimum-length">
      <default>4</default>
    </key>
    <key type="as" name="orca-modifier-keys">
      <default>['Insert','KP_Insert']</default>
      <summary>The list of keys that are used as Orca modifier keys.</summary>
    </key>
    <key type="as" name="profile">
      <default>['Default','default']</default>
      <summary>The name of the configuration profile.</summary>
    </key>
  </schema>

  <schema id="org.gnome.orca.general.app" gettext-domain="orca">
    <key type="b" name="caret-navigation-enabled">
      <default>true</default>
      <summary>Whether caret navigation is enabled></summary>
    </key>
    <key type="b" name="say-all-on-load">
      <default>false</default>
      <summary>Whether Orca should present the entire webpage once it is loaded.</summary>
    </key>
    <key type="b" name="infer-live-regions">
      <default>true</default>
    </key>
  </schema>

  <schema id="org.gnome.orca.general.braille" gettext-domain="orca">
    <key type="s" name="enabled-brailled-text-attributes">
      <default>"size:; family-name:; weight:400; indent:0; underline:none; strikethrough:false; justification:left; style:normal; text-spelling:none;"</default>
    </key>
    <key type="b" name="braille-progress-bar-updates">
      <default>false</default>
      <summary>Whether Orca should present progress bar updates in Braille.</summary>
    </key>
    <key type="b" name="enable-braille">
      <default>true</default>
      <summary>Whether Braille is enabled.</summary>
    </key>
    <key type="b" name="enable-braille-monitor">
      <default>false</default>
      <summary>Whether the braille monitor is enabled.</summary>
    </key>
    <key type="b" name="enable-braille-context">
      <default>true</default>
    </key>
    <key type="b" name="enable-flash-messages">
      <default>true</default>
      <summary>Whether messages are flashed on the Braille display.</summary>
    </key>
    <key type="i" name="braille-flash-time">
      <default>5000</default>
      <summary>The time in milliseconds in which a message is flashed on the Braille display.</summary>
    </key>
    <key type="b" name="flash-is-persistent">
      <default>false</default>
      <summary>Whether a flash message is persistant.</summary>
    </key>
    <key type="b" name="flash-is-detailed">
      <default>true</default>
      <summary>Whether flash messages are detailed.</summary>
    </key>
    <key type="b" name="enable-contracted-braille">
      <default>false</default>
      <summary>Whether contracted Braille is enabled.</summary>
    </key>
    <key type="s" name="braille-contraction-table">
      <default>""</default>
      <summary>The Braille contraction table to use.</summary>
    </key>
    <key type="b" name="disable-braille-eol">
      <default>false</default>
      <summary>Whether the end of line symbol should be disabled.</summary>
    </key>
    <key type="i" name="braille-rolename-style">
      <default>1</default>
      <summary>Whether Braille role names should be either abbreviated, or displayed in full.</summary>
    </key>
    <key type="i" name="braille-selector-indicator">
      <default>192</default>
    </key>
    <key type="i" name="braille-link-indicator">
      <default>192</default>
    </key>
    <key type="i" name="text-attributes-braille-indicator">
      <default>0</default>
    </key>
    <key type="i" name="braille-verbosity-level">
      <default>1</default>
      <summary>The verbosity level of Braille output.</summary>
    </key>
    <key type="i" name="braille-alignment-style">
      <default>0</default>
    </key>
  </schema>

  <schema id="org.gnome.orca.general.sound" gettext-domain="orca">
    <key type="b" name="enable-sound">
      <default>true</default>
      <summary>Whether Orca should play sounds.</summary>
    </key>
    <key type="d" name="sound-volume">
      <default>0.5</default>
     <summary>The volume of the sound being played.</summary>
    </key>
    <key type="b" name="beep-progress-bar-updates">
      <default>false</default>
      <summary>Whether a beep should be played to indicate a progress bar update.</summary>
    </key>
    <key type="b" name="play-sound-for-role">
      <default>true</default>
    </key>
    <key type="b" name="play-sound-for-state">
      <default>true</default>
    </key>
    <key type="b" name="play-sound-for-position-in-set">
      <default>true</default>
    </key>
    <key type="b" name="play-sound-for-value">
      <default>true</default>
    </key>
  </schema>

  <schema id="org.gnome.orca.general.speech" gettext-domain="orca">
    <key type="s" name="speech-server-factory">
      <default>"speechdispatcherfactory"</default>
      <summary>The speech server factory to use.</summary>
    </key>
    <key type="as" name="speech-server-info">
      <default>[]</default>
      <summary>Which synthesizer to use from the speech server.</summary>
    </key>
    <key type="s" name="enabled-spoken-text-attributes">
      <default>"size:; family-name:; weight:400; indent:0; underline:none; strikethrough:false; justification:left; style:normal; paragraph-style:; text-spelling:none; fg-color:; bg-color:;"</default>
    </key>
    <key type="b" name="enable-speech">
      <default>true</default>
      <summary>Whether speech is enabled.</summary>
    </key>
    <key type="b" name="enable-tutorial-messages">
      <default>false</default>
      <summary>Whether tutorial messages are enabled.</summary>
    </key>
    <key type="b" name="enable-mnemonic-speaking">
      <default>false</default>
      <summary>Whether mnemonics should be spoken.</summary>
    </key>
    <key type="b" name="enable-position-speaking">
      <default>false</default>
      <summary>Whether the current position should be spoken.</summary>
    </key>
    <key type="b" name="enable-speech-indentation">
      <default>false</default>
      <summary>Whether indentation should be spoken.</summary>
    </key>
    <key type="b" name="only-speak-displayed-text">
      <default>false</default>
      <summary>Whether displayed text should be spoken only.</summary>
    </key>
    <key type="b" name="present-tool-tips">
      <default>false</default>
      <summary>Whether tooltips should be presented.</summary>
    </key>
    <key type="b" name="speak-blank-lines">
      <default>true</default>
      <summary>Whether blank lines should be spoken.</summary>
    </key>
    <key type="b" name="speak-progress-bar-updates">
      <default>true</default>
      <summary>Whether progress bar updates should be spoken.</summary>
    </key>
    <key type="b" name="read-full-row-in-gui-table">
      <default>true</default>
      <summary>Whether to read the full row in GUI tables.</summary>
    </key>
    <key type="b" name="read-full-row-in-document-table">
      <default>true</default>
      <summary>Whether to read the full row in document tables.</summary>
    </key>
    <key type="b" name="read-full-row-in-spreadsheet">
      <default>false</default>
      <summary>Whether to read the full row in spreadsheets.</summary>
    </key>
    <key type="b" name="speak-cell-coordinates">
      <default>true</default>
      <summary>Whether to speak table cell coordinates.</summary>
    </key>
    <key type="b" name="speak-cell-span">
      <default>true</default>
      <summary>Whether to speak the span of a cell.</summary>
    </key>
    <key type="b" name="speak-cell-headers">
      <default>true</default>
      <summary>Whether cell headers should be spoken.</summary>
    </key>
    <key type="b" name="speak-spreadsheet-coordinates">
      <default>true</default>
      <summary>Whether spreadsheet coordinates should be spoken.</summary>
    </key>
    <key type="b" name="speak-multi-case-strings-as-words">
      <default>false</default>
      <summary>Whether multicase strings should be spoken as words.</summary>
    </key>
    <key type="b" name="speak-numbers-as-digits">
      <default>false</default>
      <summary>Whether numbers should be spoken as individual digits.</summary>
    </key>
    <key type="b" name="speak-misspelled-indicator">
        <default>true</default>
        <summary>Whether the indicator for misspelt words should be spoken.</summary>
    </key>
    <key type="b" name="use-color-names">
      <default>true</default>
      <summary>Whether to use color names.</summary>
    </key>
    <key type="i" name="say-all-style">
      <default>1</default>
      <summary>Whether text should be broken up into lines, or sentences, when in say all mode.</summary>
    </key>
    <key type="s" name="capitalization-style">
      <default>"none"</default>
      <summary>The way capitalization should be spoken, either none, spell, or icon.</summary>
    </key>
    <key type="i" name="verbalize-punctuation-style">
      <default>1</default>
      <summary>The punctuation level, either all, most, some, or none.</summary>
    </key>
    <key type="i" name="speech-verbosity-level">
      <default>1</default>
      <summary>The speech verbosity level, either brief or verbose.</summary>
    </key>
    <key type="b" name="messages-are-detailed">
      <default>true</default>
      <summary>Whether system messages are detailed.</summary>
    </key>
    <key type="b" name="enable-pause-breaks">
      <default>true</default>
      <summary>Whether to enable pause breaks.</summary>
    </key>
  </schema>

  <schema id="org.gnome.orca.keybinding" gettext-domain="orca">
    <key type="s" name="key">
      <default>""</default>
    </key>
    <key type="s" name="mod-mask">
      <default>""</default>
    </key>
    <key type="s" name="mod-used">
      <default>""</default>
    </key>
    <key type="s" name="click-count">
      <default>""</default>
    </key>
  </schema>

  <schema id="org.gnome.orca.pronunciation" gettext-domain="orca">
    <key type="s" name="actual">
      <default>""</default>
      <summary>The actual word that the user wants to replace with an alternate pronunciation.</summary>
    </key>
    <key type="s" name="replacement">
      <default>""</default>
      <summary>The replacement pronunciation to use.</summary>
    </key>
  </schema>

  <schema id="org.gnome.orca.voice" gettext-domain="orca">
    <key type="d" name="average-pitch">
      <default>5.0</default>
      <summary>The average pitch of the voice.</summary>
    </key>
    <key type="d" name="rate">
      <default>50.0</default>
      <summary>The speech rate of the voice.</summary>
    </key>
    <key type="d" name="gain">
      <default>10.0</default>
      <summary>The volume of the current voice.</summary>
    </key>
    <key type="b" name="established">
      <default>false</default>
      <summary>A setting used to identify whether custom voice settings have been stored.</summary>
    </key>
  </schema>

  <schema id="org.gnome.orca.voice.family" gettext-domain="orca">
    <key type="b" name="family-set">
      <default>false</default>
      <summary>A setting used to identify whether custom voice family settings have been stored.</summary>
    </key>
    <key type="s" name="name">
      <default>""</default>
      <summary>The voice name.</summary>
    </key>
    <key type="s" name="locale">
      <default>""</default>
      <summary>The locale of the voice.</summary>
    </key>
    <key type="s" name="dialect">
      <default>""</default>
      <summary>The dialect of the voice.</summary>
    </key>
  </schema>
</schemalist>